순위,선수명,팀명,AVG,G,PA,AB,R,H,2B,3B,HR,TB,RBI,SAC,SF,Year,Team
1,장성호,KIA,0.300,130,561,474,78,142,29,0,19,228,80,0,4,2004,KIA
4,심재학,KIA,0.282,128,469,372,64,105,23,2,22,198,81,3,9,2004,KIA
5,마해영,KIA,0.281,124,519,437,54,123,16,0,11,172,71,1,11,2004,KIA
8,김종국,KIA,0.265,133,562,491,66,130,20,1,10,182,46,18,2,2004,KIA
11,이종범,KIA,0.260,133,577,493,100,128,29,0,17,208,52,12,2,2004,KIA
1,양준혁,삼성,0.315,133,584,479,95,151,30,0,28,265,103,1,2,2004,삼성
2,박한이,삼성,0.310,132,587,503,81,156,26,2,16,234,63,7,3,2004,삼성
3,강동우,삼성,0.295,132,497,438,59,129,22,1,3,162,49,7,1,2004,삼성
5,박종호,삼성,0.282,132,587,514,78,145,25,0,8,194,59,13,4,2004,삼성
6,진갑용,삼성,0.278,129,491,439,60,122,20,0,24,214,71,2,4,2004,삼성
8,김한수,삼성,0.271,133,558,498,60,135,30,1,16,215,84,6,4,2004,삼성
1,이병규,LG,0.323,129,562,496,95,160,26,2,14,232,64,3,1,2004,LG
2,김재현,LG,0.300,120,458,373,56,112,18,3,14,178,62,0,7,2004,LG
2,홍성흔,두산,0.329,133,552,501,62,165,27,2,14,238,86,3,2,2004,두산
4,김동주,두산,0.286,124,517,430,72,123,19,1,19,201,76,0,2,2004,두산
5,장원진,두산,0.284,130,486,429,51,122,15,4,5,160,49,5,3,2004,두산
6,안경현,두산,0.280,125,525,447,57,125,20,1,10,177,51,9,2,2004,두산
7,최경환,두산,0.278,126,480,436,49,121,16,4,5,160,58,0,6,2004,두산
9,전상렬,두산,0.274,128,542,486,76,133,18,2,5,170,42,10,4,2004,두산
1,이진영,SK,0.342,117,483,404,74,138,19,1,15,204,63,6,2,2004,SSG
2,김기태,SK,0.320,126,465,403,60,129,24,0,10,183,67,4,1,2004,SSG
4,박경완,SK,0.295,132,526,410,94,121,19,1,34,244,79,6,2,2004,SSG
6,이호준,SK,0.280,133,578,497,87,139,22,2,30,255,112,2,6,2004,SSG
7,조원우,SK,0.277,119,463,386,59,107,17,2,3,137,35,20,4,2004,SSG
10,김민재,SK,0.260,129,489,435,57,113,13,1,4,140,40,22,5,2004,SSG
1,페레즈,롯데,0.314,125,532,490,60,154,17,0,18,225,86,1,3,2004,롯데
4,손인호,롯데,0.284,122,480,408,54,116,21,2,5,156,42,1,4,2004,롯데
10,이대호,롯데,0.248,132,514,444,52,110,26,0,20,196,68,6,6,2004,롯데
13,김주찬,롯데,0.242,120,503,450,53,109,20,5,7,160,42,6,2,2004,롯데
3,김태균,한화,0.323,129,556,473,76,153,26,1,23,250,106,0,7,2004,한화
4,이영우,한화,0.319,131,572,483,94,154,31,3,13,230,60,6,2,2004,한화
6,이범호,한화,0.308,133,541,481,80,148,35,3,23,258,74,5,4,2004,한화
7,데이비스,한화,0.291,119,510,440,70,128,26,1,19,213,77,2,4,2004,한화
1,이종범,KIA,0.312,118,495,430,69,134,25,2,6,181,36,7,0,2005,KIA
2,장성호,KIA,0.300,123,533,464,70,139,23,1,16,212,74,1,4,2005,KIA
7,이용규,KIA,0.266,124,479,414,57,110,17,2,5,146,37,14,3,2005,KIA
2,박한이,삼성,0.295,123,551,471,62,139,21,0,9,187,59,12,4,2005,삼성
3,김한수,삼성,0.293,114,465,406,55,119,18,0,15,182,73,3,3,2005,삼성
7,심정수,삼성,0.275,124,528,433,77,119,14,0,28,217,87,0,2,2005,삼성
8,조동찬,삼성,0.274,122,447,387,55,106,16,0,16,170,63,3,3,2005,삼성
9,박종호,삼성,0.268,119,484,392,63,105,21,0,4,138,36,25,3,2005,삼성
10,양준혁,삼성,0.261,124,463,394,61,103,15,1,13,159,50,0,2,2005,삼성
1,이병규,LG,0.337,119,517,466,62,157,24,2,9,212,75,1,7,2005,LG
4,클리어,LG,0.303,110,453,402,64,122,23,4,15,198,61,0,5,2005,LG
5,박용택,LG,0.280,126,523,472,90,132,25,1,15,204,71,0,3,2005,LG
5,장원진,두산,0.286,123,478,423,58,121,16,0,3,146,42,2,2,2005,두산
7,손시헌,두산,0.276,126,480,416,59,115,18,5,4,155,60,6,6,2005,두산
3,김재현,SK,0.315,120,499,400,63,126,17,0,19,200,77,0,3,2005,SSG
4,박재홍,SK,0.304,109,495,421,76,128,21,1,18,205,63,2,3,2005,SSG
5,이진영,SK,0.291,122,523,453,76,132,19,1,20,213,74,8,4,2005,SSG
6,정경배,SK,0.286,126,502,427,49,122,16,1,11,173,63,14,7,2005,SSG
8,김민재,SK,0.277,125,508,440,58,122,19,0,2,147,37,16,4,2005,SSG
6,라이온,롯데,0.268,125,534,492,65,132,40,3,11,211,73,2,1,2005,롯데
7,이대호,롯데,0.266,126,512,447,53,119,16,2,21,202,80,0,3,2005,롯데
3,데이비스,한화,0.323,118,507,431,90,139,24,0,24,235,86,0,6,2005,한화
4,김태균,한화,0.317,124,529,461,73,146,33,2,23,252,100,0,2,2005,한화
10,이범호,한화,0.273,126,513,444,69,121,27,1,26,228,68,1,6,2005,한화
2,이용규,KIA,0.318,125,552,485,78,154,25,9,1,200,39,7,1,2006,KIA
3,장성호,KIA,0.306,126,540,445,62,136,24,2,13,203,79,3,6,2006,KIA
1,양준혁,삼성,0.303,126,533,413,63,125,31,1,13,197,81,1,7,2006,삼성
3,박한이,삼성,0.285,126,567,471,89,134,21,2,6,177,43,7,3,2006,삼성
5,박진만,삼성,0.283,115,452,382,54,108,22,1,11,165,65,2,5,2006,삼성
1,이병규,LG,0.297,120,515,478,51,142,29,1,7,194,55,1,1,2006,LG
2,박용택,LG,0.294,126,534,476,69,140,26,3,16,220,64,1,4,2006,LG
2,안경현,두산,0.284,125,499,423,45,120,21,0,15,186,70,5,5,2006,두산
3,이종욱,두산,0.284,120,448,388,76,110,14,6,1,139,32,11,1,2006,두산
6,손시헌,두산,0.267,126,462,404,29,108,16,4,2,138,34,11,2,2006,두산
13,강동우,두산,0.249,118,456,393,36,98,12,2,2,120,34,9,4,2006,두산
5,정근우,SK,0.284,120,487,430,69,122,19,4,8,173,42,13,4,2006,SSG
8,이진영,SK,0.273,118,473,428,54,117,13,0,11,163,41,2,0,2006,SSG
10,박재홍,SK,0.259,124,529,452,61,117,22,1,18,195,73,2,6,2006,SSG
1,이대호,롯데,0.336,122,499,443,71,149,26,0,26,253,88,0,1,2006,롯데
6,호세,롯데,0.277,122,504,415,59,115,21,0,22,202,78,0,3,2006,롯데
9,강민호,롯데,0.251,126,460,410,40,103,20,0,9,150,53,14,2,2006,롯데
4,김태균,한화,0.291,124,511,423,66,123,27,0,13,189,73,0,4,2006,한화
5,데이비스,한화,0.284,117,479,415,62,118,21,0,21,202,74,0,5,2006,한화
8,이범호,한화,0.257,126,497,421,53,108,25,1,20,195,73,1,3,2006,한화
9,이도형,한화,0.256,119,466,426,46,109,22,0,19,188,63,5,3,2006,한화
1,이현곤,KIA,0.338,126,521,453,63,153,31,0,2,190,48,13,8,2007,KIA
5,장성호,KIA,0.281,116,464,395,55,111,22,0,11,166,62,0,3,2007,KIA
6,이용규,KIA,0.280,118,491,439,61,123,17,8,0,156,27,5,3,2007,KIA
1,양준혁,삼성,0.337,123,544,442,78,149,34,0,22,249,72,1,2,2007,삼성
4,박한이,삼성,0.267,123,559,479,68,128,12,1,2,148,27,4,5,2007,삼성
5,심정수,삼성,0.258,124,515,427,64,110,17,0,31,220,101,0,2,2007,삼성
6,신명철,삼성,0.252,126,471,416,43,105,20,2,5,144,31,23,2,2007,삼성
1,이대형,LG,0.308,125,509,451,68,139,13,1,1,157,31,13,2,2007,LG
2,최동수,LG,0.306,125,493,431,49,132,23,0,12,191,58,3,6,2007,LG
4,이종열,LG,0.285,121,459,389,46,111,13,2,4,140,53,19,4,2007,LG
5,발데스,LG,0.283,116,512,435,50,123,15,0,13,177,72,0,5,2007,LG
6,조인성,LG,0.282,124,464,419,44,118,24,0,13,181,73,6,5,2007,LG
8,박용택,LG,0.278,126,532,479,69,133,24,4,14,207,66,4,5,2007,LG
3,김동주,두산,0.322,119,481,382,68,123,24,0,19,204,78,0,2,2007,두산
4,이종욱,두산,0.316,123,528,465,84,147,20,12,1,194,46,6,4,2007,두산
8,고영민,두산,0.268,126,536,444,89,119,29,1,12,186,66,8,6,2007,두산
13,최준석,두산,0.244,121,451,386,48,94,20,2,16,166,75,5,7,2007,두산
8,최정,SK,0.267,122,462,408,49,109,19,1,16,178,66,9,1,2007,SSG
2,이대호,롯데,0.335,121,514,415,79,139,21,1,29,249,87,0,5,2007,롯데
9,강민호,롯데,0.271,125,474,413,48,112,20,0,14,174,68,17,3,2007,롯데
3,크루즈,한화,0.321,121,498,418,68,134,30,0,22,230,85,0,4,2007,한화
4,김태균,한화,0.290,118,491,393,62,114,13,0,21,190,85,0,6,2007,한화
5,김민재,한화,0.273,118,451,395,43,108,17,0,6,143,47,20,1,2007,한화
10,고동진,한화,0.249,124,473,394,68,98,8,5,1,119,37,11,2,2007,한화
11,이범호,한화,0.246,126,505,418,57,103,14,0,21,180,63,6,4,2007,한화
1,이용규,KIA,0.312,106,473,417,62,130,24,6,0,166,38,6,0,2008,KIA
6,박석민,삼성,0.279,126,499,416,65,116,27,1,14,187,64,8,2,2008,삼성
11,이대형,LG,0.264,126,574,523,71,138,5,2,0,147,33,9,1,2008,LG
1,김현수,두산,0.357,126,558,470,83,168,34,5,9,239,89,0,2,2008,두산
2,홍성흔,두산,0.331,114,460,423,45,140,19,2,8,187,63,3,5,2008,두산
3,김동주,두산,0.309,109,451,363,55,112,12,2,18,182,104,0,13,2008,두산
4,이종욱,두산,0.301,122,522,458,98,138,14,5,0,162,28,6,2,2008,두산
7,고영민,두산,0.267,126,528,427,84,114,15,3,9,162,70,7,6,2008,두산
2,최정,SK,0.328,114,476,406,77,133,24,1,12,195,61,10,2,2008,SSG
3,박재홍,SK,0.318,112,471,396,66,126,26,2,19,213,72,0,3,2008,SSG
6,정근우,SK,0.314,124,550,491,73,154,20,4,8,206,58,6,4,2008,SSG
2,조성환,롯데,0.327,123,525,462,79,151,27,3,10,214,81,4,11,2008,롯데
3,김주찬,롯데,0.313,104,458,412,75,129,16,7,1,162,42,9,5,2008,롯데
5,이대호,롯데,0.301,122,527,435,73,131,23,0,18,208,94,0,12,2008,롯데
6,강민호,롯데,0.292,122,501,435,51,127,25,1,19,211,82,0,10,2008,롯데
10,가르시아,롯데,0.283,125,513,460,68,130,25,2,30,249,111,0,2,2008,롯데
2,김태균,한화,0.324,115,484,410,81,133,27,1,31,255,92,0,5,2008,한화
4,이범호,한화,0.276,125,508,434,80,120,21,3,19,204,77,0,4,2008,한화
7,김태완,한화,0.266,124,450,383,44,102,16,0,23,187,73,0,6,2008,한화
9,클락,한화,0.246,125,546,472,96,116,25,3,22,213,79,1,5,2008,한화
4,송지만,우리,0.280,118,451,414,48,116,18,0,13,173,62,0,4,2008,키움
3,김상현,KIA,0.315,121,496,448,77,141,30,2,36,283,127,0,1,2009,KIA
4,최희섭,KIA,0.308,131,545,435,98,134,23,0,33,256,100,0,7,2009,KIA
8,이종범,KIA,0.273,123,449,385,63,105,21,1,6,146,40,12,6,2009,KIA
10,나지완,KIA,0.263,128,457,384,58,101,12,0,23,182,73,3,4,2009,KIA
4,강봉규,삼성,0.310,126,529,449,89,139,24,2,20,227,78,6,1,2009,삼성
6,신명철,삼성,0.291,124,485,423,71,123,17,2,20,204,61,10,3,2009,삼성
8,최형우,삼성,0.284,113,481,415,70,118,24,0,23,211,83,1,3,2009,삼성
1,박용택,LG,0.372,111,506,452,91,168,31,5,18,263,74,3,9,2009,LG
4,페타지니,LG,0.332,115,498,388,62,129,16,0,26,223,100,0,6,2009,LG
6,정성훈,LG,0.301,121,494,419,62,126,19,2,10,179,70,8,4,2009,LG
9,이대형,LG,0.280,133,597,521,92,146,10,2,2,166,41,22,4,2009,LG
1,김현수,두산,0.357,133,572,482,97,172,31,6,23,284,104,0,6,2009,두산
5,손시헌,두산,0.289,121,476,412,56,119,22,3,11,180,59,7,3,2009,두산
5,정근우,SK,0.35,127,565,480,98,168,29,4,9,232,59,2,5,2009,SSG
12,박재상,SK,0.295,133,614,515,84,152,31,4,15,236,81,20,5,2009,SSG
13,나주환,SK,0.288,118,454,382,60,110,13,0,15,168,65,20,4,2009,SSG
16,박정권,SK,0.276,131,511,446,70,123,27,0,25,225,76,8,2,2009,SSG
2,홍성흔,롯데,0.371,119,487,426,71,158,33,0,12,227,64,0,7,2009,롯데
3,김주찬,롯데,0.310,109,479,435,77,135,30,5,7,196,51,4,6,2009,롯데
6,이대호,롯데,0.293,133,549,478,73,140,28,1,28,254,100,0,4,2009,롯데
9,가르시아,롯데,0.266,130,539,467,72,124,29,1,29,242,84,0,5,2009,롯데
4,강동우,한화,0.302,128,585,506,88,153,30,2,10,217,48,4,5,2009,한화
5,김태완,한화,0.289,112,446,360,62,104,17,2,23,194,68,0,3,2009,한화
6,이범호,한화,0.284,126,499,436,64,124,21,0,25,220,79,0,3,2009,한화
2,이택근,히어로즈,0.311,123,538,456,84,142,26,0,15,213,66,1,4,2009,키움
4,클락,히어로즈,0.290,125,559,486,85,141,24,4,24,245,90,0,2,2009,키움
6,강정호,히어로즈,0.286,133,538,476,73,136,33,2,23,242,81,8,5,2009,키움
7,황재균,히어로즈,0.284,133,608,536,86,152,27,5,18,243,63,6,8,2009,키움
14,브룸바,히어로즈,0.245,123,526,436,69,107,21,1,27,211,86,0,2,2009,키움
3,이용규,KIA,0.307,129,555,472,74,145,19,1,3,175,51,7,3,2010,KIA
5,안치홍,KIA,0.291,133,537,461,79,134,21,3,8,185,50,16,4,2010,KIA
6,최희섭,KIA,0.286,126,532,444,78,127,22,1,21,214,84,0,3,2010,KIA
2,박석민,삼성,0.303,112,457,356,58,108,18,0,15,171,64,5,5,2010,삼성
3,박한이,삼성,0.301,128,470,379,64,114,21,2,11,172,63,10,5,2010,삼성
7,신명철,삼성,0.280,125,476,397,56,111,22,1,9,162,57,13,6,2010,삼성
8,최형우,삼성,0.279,121,506,420,71,117,29,1,24,220,97,2,5,2010,삼성
10,이영욱,삼성,0.272,120,479,408,68,111,19,2,4,146,42,9,4,2010,삼성
3,조인성,LG,0.317,133,511,457,69,145,24,1,28,255,107,5,5,2010,LG
8,이병규,LG,0.290,117,451,404,49,117,14,1,9,160,64,4,6,2010,LG
11,이대형,LG,0.261,130,568,494,73,129,14,2,1,150,43,13,1,2010,LG
3,최준석,두산,0.321,127,482,424,63,136,26,1,22,230,82,1,2,2010,두산
5,김현수,두산,0.317,132,565,473,88,150,29,0,24,251,89,0,8,2010,두산
6,이종욱,두산,0.312,114,471,413,66,129,16,2,5,164,45,6,3,2010,두산
7,김동주,두산,0.295,110,470,387,60,114,22,0,20,196,67,1,5,2010,두산
11,손시헌,두산,0.273,128,499,433,51,118,19,1,8,163,62,10,3,2010,두산
14,이성열,두산,0.263,129,484,419,77,110,27,1,24,211,86,9,3,2010,두산
2,김강민,SK,0.317,115,450,401,74,127,19,2,10,180,72,11,3,2010,SSG
4,박정권,SK,0.306,124,505,431,76,132,19,4,18,213,76,2,4,2010,SSG
5,정근우,SK,0.305,128,563,485,75,148,25,2,2,183,48,22,1,2010,SSG
7,최정,SK,0.300,123,493,400,84,120,31,1,20,213,80,16,8,2010,SSG
11,박경완,SK,0.262,129,472,381,51,100,20,0,14,162,67,15,3,2010,SSG
1,이대호,롯데,0.364,127,552,478,99,174,13,0,44,319,133,0,3,2010,롯데
2,홍성흔,롯데,0.350,111,498,431,88,151,28,1,26,259,116,1,5,2010,롯데
3,조성환,롯데,0.336,111,458,414,83,139,31,0,8,194,52,2,3,2010,롯데
5,손아섭,롯데,0.306,121,487,422,85,129,23,0,11,185,47,9,5,2010,롯데
6,강민호,롯데,0.305,117,465,410,66,125,19,1,23,215,72,0,5,2010,롯데
9,김주찬,롯데,0.276,118,535,485,89,134,18,4,9,187,40,11,3,2010,롯데
11,가르시아,롯데,0.252,118,485,429,73,108,16,1,26,204,83,0,5,2010,롯데
5,김태완,한화,0.265,116,473,370,62,98,13,0,15,156,62,0,2,2010,한화
7,최진행,한화,0.261,129,524,464,66,121,22,0,32,239,92,2,2,2010,한화
2,강정호,넥센,0.301,133,522,449,60,135,30,2,12,205,58,3,2,2010,키움
3,유한준,넥센,0.291,131,543,481,52,140,27,0,9,194,79,8,4,2010,키움
6,장민석,넥센,0.283,119,493,435,60,123,16,10,1,162,47,12,4,2010,키움
9,김민우,넥센,0.257,128,536,447,64,115,20,3,9,168,44,16,3,2010,키움
3,이용규,KIA,0.333,111,503,421,84,140,16,2,3,169,33,7,3,2011,KIA
2,최형우,삼성,0.340,133,571,480,80,163,37,3,30,296,118,0,10,2011,삼성
4,김상수,삼성,0.278,128,476,406,53,113,16,4,2,143,47,15,1,2011,삼성
5,박석민,삼성,0.278,128,537,457,74,127,24,3,15,202,86,5,3,2011,삼성
9,박한이,삼성,0.256,121,506,429,77,110,19,2,4,145,30,10,2,2011,삼성
1,이병규,LG,0.338,127,519,485,64,164,24,0,16,236,75,2,2,2011,LG
2,박용택,LG,0.302,115,450,414,57,125,21,1,15,193,64,1,4,2011,LG
4,정성훈,LG,0.291,127,494,422,61,123,18,1,10,173,57,11,7,2011,LG
2,이종욱,두산,0.303,121,499,436,64,132,11,5,5,168,44,5,4,2011,두산
3,김현수,두산,0.301,130,561,475,71,143,25,2,13,211,91,0,9,2011,두산
6,김동주,두산,0.286,120,483,406,57,116,24,1,17,193,75,0,3,2011,두산
7,정수빈,두산,0.285,128,476,414,66,118,17,8,1,154,38,8,3,2011,두산
9,오재원,두산,0.277,129,529,466,73,129,18,4,6,173,46,12,3,2011,두산
10,최준석,두산,0.271,124,485,421,49,114,26,0,15,185,75,2,5,2011,두산
4,최정,SK,0.310,113,488,403,64,125,25,1,20,212,75,13,6,2011,SSG
13,박정권,SK,0.252,122,507,453,54,114,21,2,13,178,53,6,3,2011,SSG
1,이대호,롯데,0.357,133,570,493,76,176,26,1,27,285,113,0,6,2011,롯데
2,손아섭,롯데,0.326,116,492,442,79,144,25,5,15,224,83,1,4,2011,롯데
4,홍성흔,롯데,0.306,132,535,474,70,145,24,2,6,191,67,0,5,2011,롯데
6,전준우,롯데,0.301,133,601,539,97,162,38,5,11,243,64,2,3,2011,롯데
7,황재균,롯데,0.289,117,458,398,62,115,18,4,12,177,68,3,8,2011,롯데
8,강민호,롯데,0.289,124,506,450,63,130,25,2,19,216,66,0,1,2011,롯데
13,조성환,롯데,0.243,117,459,407,45,99,19,0,6,136,36,10,2,2011,롯데
2,강동우,한화,0.288,133,599,518,83,149,13,3,13,207,51,12,4,2011,한화
4,최진행,한화,0.276,127,511,434,63,120,11,1,19,190,85,0,3,2011,한화
5,한상훈,한화,0.269,131,485,398,49,107,12,3,3,134,39,33,2,2011,한화
11,장성호,한화,0.244,116,478,390,53,95,13,0,8,132,37,3,0,2011,한화
3,유한준,넥센,0.289,121,511,447,64,129,23,2,3,165,54,4,4,2011,키움
4,강정호,넥센,0.282,123,504,444,53,125,22,2,9,178,63,3,5,2011,키움
10,김민우,넥센,0.247,126,535,466,66,115,22,0,6,155,31,17,2,2011,키움
13,알드리지,넥센,0.237,117,480,414,55,98,20,1,20,180,73,0,5,2011,키움
3,김원섭,KIA,0.303,120,472,386,60,117,21,4,3,155,61,12,3,2012,KIA
5,안치홍,KIA,0.288,132,558,489,60,141,31,2,3,185,64,14,7,2012,KIA
6,이용규,KIA,0.283,125,580,491,86,139,14,2,2,163,37,10,3,2012,KIA
7,김선빈,KIA,0.281,126,532,441,63,124,19,2,5,162,55,25,6,2012,KIA
8,나지완,KIA,0.274,124,480,398,40,109,17,1,11,161,56,8,5,2012,KIA
1,박석민,삼성,0.312,127,549,443,79,138,19,3,23,232,91,2,5,2012,삼성
2,이승엽,삼성,0.307,126,556,488,84,150,28,2,21,245,85,1,4,2012,삼성
4,박한이,삼성,0.304,111,463,388,61,118,19,4,1,148,51,13,3,2012,삼성
7,김상수,삼성,0.274,129,489,419,64,115,18,4,2,147,36,16,6,2012,삼성
8,최형우,삼성,0.271,125,531,461,51,125,27,1,14,196,77,0,10,2012,삼성
12,배영섭,삼성,0.245,122,479,412,64,101,15,2,2,126,34,7,3,2012,삼성
4,박용택,LG,0.305,127,556,499,82,152,34,3,11,225,76,1,7,2012,LG
5,이병규,LG,0.300,118,455,420,52,126,25,1,5,168,41,5,6,2012,LG
9,오지환,LG,0.249,133,540,462,66,115,22,2,12,177,53,9,8,2012,LG
6,김현수,두산,0.291,122,491,437,47,127,17,1,7,167,65,0,5,2012,두산
16,이종욱,두산,0.240,121,497,437,57,105,17,1,0,124,39,9,5,2012,두산
4,이호준,SK,0.300,127,504,426,55,128,26,0,18,208,78,0,1,2012,SSG
5,최정,SK,0.300,130,553,474,85,142,33,1,26,255,84,3,6,2012,SSG
7,김강민,SK,0.272,123,474,427,49,116,20,0,5,151,31,11,3,2012,SSG
11,정근우,SK,0.266,127,534,467,53,124,13,4,8,169,46,12,2,2012,SSG
12,박정권,SK,0.255,122,472,416,61,106,18,1,12,162,59,6,3,2012,SSG
1,손아섭,롯데,0.314,132,556,503,61,158,26,0,5,199,58,2,4,2012,롯데
2,김주찬,롯데,0.294,118,488,435,62,128,27,3,5,176,39,11,5,2012,롯데
6,강민호,롯데,0.273,119,454,400,41,109,21,0,19,187,66,0,2,2012,롯데
7,황재균,롯데,0.272,133,504,448,42,122,19,1,4,155,51,11,2,2012,롯데
10,박종윤,롯데,0.257,121,459,416,41,107,19,4,9,161,47,15,1,2012,롯데
11,전준우,롯데,0.253,122,520,459,63,116,22,4,7,167,38,6,3,2012,롯데
1,김태균,한화,0.363,126,513,416,61,151,24,0,16,223,80,0,5,2012,한화
5,장성호,한화,0.263,130,501,429,57,113,28,0,9,168,52,1,2,2012,한화
6,오선진,한화,0.263,110,446,399,33,105,18,3,3,138,41,13,2,2012,한화
8,최진행,한화,0.248,120,471,395,59,98,26,0,17,175,55,0,4,2012,한화
1,강정호,넥센,0.314,124,519,436,77,137,32,0,25,244,82,1,5,2012,키움
2,박병호,넥센,0.290,133,560,469,76,136,34,0,31,263,105,0,7,2012,키움
5,서건창,넥센,0.266,127,501,433,70,115,21,10,1,159,40,13,3,2012,키움
7,장민석,넥센,0.246,116,475,414,64,102,9,5,8,145,35,14,4,2012,키움
5,이용규,KIA,0.295,100,453,390,74,115,20,1,2,143,22,10,2,2013,KIA
6,나지완,KIA,0.287,125,522,435,57,125,18,0,21,206,96,1,5,2013,KIA
11,안치홍,KIA,0.249,118,484,414,56,103,15,0,3,127,39,7,5,2013,KIA
12,이범호,KIA,0.248,122,516,436,56,108,17,0,24,197,73,4,5,2013,KIA
5,박석민,삼성,0.318,117,474,396,61,126,24,0,18,204,76,0,2,2013,삼성
6,최형우,삼성,0.305,128,573,511,80,156,28,0,29,271,98,0,8,2013,삼성
8,배영섭,삼성,0.295,113,476,393,66,116,16,4,2,146,38,8,3,2013,삼성
9,박한이,삼성,0.284,112,466,394,56,112,12,3,6,148,55,18,2,2013,삼성
14,이승엽,삼성,0.253,111,483,443,62,112,24,0,13,175,69,0,8,2013,삼성
3,박용택,LG,0.328,125,539,476,79,156,22,4,7,207,67,0,7,2013,LG
4,정성훈,LG,0.312,121,477,407,64,127,22,1,9,178,62,0,4,2013,LG
11,오지환,LG,0.256,124,514,441,81,113,20,8,9,176,47,7,3,2013,LG
2,민병헌,두산,0.319,119,449,383,71,122,21,7,9,184,65,12,7,2013,두산
5,이종욱,두산,0.307,110,456,401,77,123,23,6,6,176,52,12,2,2013,두산
6,김현수,두산,0.302,122,510,434,63,131,23,1,16,204,90,0,12,2013,두산
8,홍성흔,두산,0.299,127,538,469,61,140,21,0,15,206,72,3,3,2013,두산
3,최정,SK,0.316,120,525,434,75,137,18,0,28,239,83,1,2,2013,SSG
8,정근우,SK,0.280,112,476,407,64,114,19,3,9,166,35,11,1,2013,SSG
1,손아섭,롯데,0.345,128,568,498,83,172,23,4,11,236,69,0,3,2013,롯데
4,전준우,롯데,0.275,128,537,455,65,125,25,1,7,173,66,5,7,2013,롯데
5,황재균,롯데,0.274,128,559,489,70,134,29,3,7,190,56,7,4,2013,롯데
13,이대수,한화,0.256,122,448,390,54,100,23,2,4,139,42,11,3,2013,한화
4,이호준,NC,0.278,126,508,442,46,123,25,1,20,210,87,0,5,2013,NC
5,김종호,NC,0.277,128,546,465,72,129,12,7,0,155,22,6,1,2013,NC
13,나성범,NC,0.243,104,458,404,55,98,18,5,14,168,64,0,6,2013,NC
2,박병호,넥센,0.318,128,556,450,91,143,17,0,37,271,117,0,6,2013,키움
6,강정호,넥센,0.291,126,532,450,67,131,21,1,22,220,96,2,6,2013,키움
8,이택근,넥센,0.287,123,536,477,73,137,31,1,9,197,66,6,7,2013,키움
9,김민성,넥센,0.282,128,523,458,60,129,24,2,15,202,72,3,4,2013,키움
3,안치홍,KIA,0.339,126,479,434,65,147,31,2,18,236,88,2,4,2014,KIA
4,이대형,KIA,0.323,126,505,461,75,149,15,9,1,185,40,5,2,2014,KIA
5,나지완,KIA,0.312,118,470,398,64,124,22,0,19,203,79,0,6,2014,KIA
3,최형우,삼성,0.356,113,493,430,92,153,33,0,31,279,100,0,6,2014,삼성
5,박한이,삼성,0.331,125,567,472,83,156,22,2,9,209,80,24,5,2014,삼성
6,채태인,삼성,0.317,124,541,492,69,156,38,1,14,238,99,0,6,2014,삼성
8,이승엽,삼성,0.308,127,548,506,83,156,30,0,32,282,101,0,2,2014,삼성
9,나바로,삼성,0.308,125,602,500,118,154,27,1,31,276,98,0,5,2014,삼성
11,김상수,삼성,0.288,128,493,427,74,123,20,8,5,174,63,10,8,2014,삼성
2,박용택,LG,0.343,124,549,464,71,159,24,2,9,214,73,2,7,2014,LG
3,정성훈,LG,0.329,112,455,383,71,126,25,1,13,192,59,2,4,2014,LG
4,이진영,LG,0.325,119,468,412,53,134,19,2,6,175,65,2,9,2014,LG
5,이병규,LG,0.306,116,450,360,66,110,28,3,16,192,87,3,8,2014,LG
12,오지환,LG,0.262,113,464,397,72,104,20,8,8,164,56,6,3,2014,LG
1,민병헌,두산,0.345,124,527,470,85,162,31,3,12,235,79,8,6,2014,두산
2,김현수,두산,0.322,125,528,463,75,149,26,0,17,226,90,0,5,2014,두산
4,홍성흔,두산,0.315,124,521,447,63,141,19,1,20,222,82,5,1,2014,두산
6,정수빈,두산,0.306,128,507,431,79,132,18,7,6,182,49,22,2,2014,두산
3,이재원,SK,0.337,120,484,412,48,139,30,2,12,209,83,0,11,2014,SSG
6,박정권,SK,0.310,120,499,452,81,140,33,2,27,258,109,0,4,2014,SSG
8,김강민,SK,0.302,113,483,430,86,130,29,3,16,213,82,2,4,2014,SSG
9,김성현,SK,0.284,122,476,398,73,113,20,1,5,150,43,10,6,2014,SSG
10,나주환,SK,0.273,127,478,422,64,115,25,0,7,161,51,14,3,2014,SSG
14,조동화,SK,0.262,125,522,443,74,116,12,5,2,144,52,28,4,2014,SSG
2,손아섭,롯데,0.362,122,570,483,105,175,25,3,18,260,80,0,2,2014,롯데
4,황재균,롯데,0.321,128,550,486,66,156,33,3,12,231,76,4,4,2014,롯데
6,박종윤,롯데,0.309,123,476,440,59,136,31,4,7,196,73,4,6,2014,롯데
8,정훈,롯데,0.294,124,558,477,89,140,27,7,3,190,58,6,2,2014,롯데
9,전준우,롯데,0.292,113,470,415,69,121,23,2,14,190,66,9,3,2014,롯데
10,최준석,롯데,0.286,121,460,371,54,106,13,0,23,188,90,0,6,2014,롯데
1,김태균,한화,0.365,118,508,422,66,154,30,0,18,238,84,0,5,2014,한화
2,피에,한화,0.326,119,498,445,61,145,33,2,17,233,92,0,12,2014,한화
6,정근우,한화,0.295,125,549,464,91,137,28,5,6,193,44,7,3,2014,한화
2,테임즈,NC,0.343,125,514,443,95,152,30,6,37,305,121,0,6,2014,NC
3,나성범,NC,0.329,123,536,477,88,157,28,5,30,285,101,1,1,2014,NC
4,박민우,NC,0.298,118,491,416,87,124,21,9,1,166,40,4,4,2014,NC
6,이종욱,NC,0.288,124,495,438,73,126,28,4,6,180,78,1,13,2014,NC
9,이호준,NC,0.271,122,500,424,59,115,20,0,23,204,78,1,5,2014,NC
10,모창민,NC,0.263,122,468,419,62,110,15,0,16,173,72,8,4,2014,NC
2,서건창,넥센,0.370,128,616,543,135,201,41,17,7,297,67,4,2,2014,키움
3,강정호,넥센,0.356,117,501,418,103,149,36,2,40,309,117,0,2,2014,키움
4,유한준,넥센,0.316,122,469,405,71,128,31,0,20,219,91,8,7,2014,키움
5,이택근,넥센,0.306,122,527,441,87,135,32,1,21,232,91,12,10,2014,키움
7,박병호,넥센,0.303,128,571,459,126,139,16,2,52,315,124,0,4,2014,키움
8,김민성,넥센,0.292,116,486,438,60,128,29,2,12,197,77,5,3,2014,키움
2,필,KIA,0.325,143,591,536,81,174,35,1,22,277,101,0,9,2015,KIA
4,이범호,KIA,0.270,138,514,437,60,118,25,0,28,227,79,0,4,2015,KIA
3,구자욱,삼성,0.349,116,465,410,97,143,33,5,11,219,57,0,4,2015,삼성
5,이승엽,삼성,0.332,122,522,470,87,156,28,1,26,264,90,0,6,2015,삼성
7,박석민,삼성,0.321,135,559,448,90,144,25,0,26,247,116,1,8,2015,삼성
8,최형우,삼성,0.318,144,637,547,94,174,33,1,33,308,123,0,8,2015,삼성
11,박해민,삼성,0.293,144,608,525,96,154,22,7,0,190,47,23,2,2015,삼성
12,나바로,삼성,0.287,140,643,534,126,153,19,1,48,318,137,1,9,2015,삼성
13,김상수,삼성,0.278,132,518,449,67,125,30,4,8,187,63,13,7,2015,삼성
6,박용택,LG,0.326,128,533,487,66,159,28,2,18,245,83,1,7,2015,LG
11,오지환,LG,0.278,138,566,497,76,138,41,4,11,220,56,3,3,2015,LG
4,김현수,두산,0.326,141,630,512,103,167,26,0,28,277,121,0,9,2015,두산
5,양의지,두산,0.326,132,513,442,70,144,27,0,20,231,93,2,6,2015,두산
6,허경민,두산,0.317,117,453,404,64,128,20,2,1,155,41,8,3,2015,두산
7,김재호,두산,0.307,133,488,410,63,126,24,3,3,165,50,14,7,2015,두산
8,민병헌,두산,0.303,129,561,491,80,149,20,2,12,209,75,6,6,2015,두산
9,정수빈,두산,0.295,128,570,491,79,145,27,7,2,192,59,19,6,2015,두산
12,오재원,두산,0.280,120,474,411,60,115,20,2,11,172,59,7,4,2015,두산
2,마르테,KT,0.348,115,487,425,85,148,32,1,20,242,89,0,8,2015,KT
5,이대형,KT,0.302,140,616,546,86,165,23,3,0,194,37,10,1,2015,KT
6,박경수,KT,0.284,137,537,440,75,125,30,1,22,223,73,6,4,2015,KT
7,장성우,KT,0.284,133,491,433,55,123,20,1,13,184,77,3,9,2015,KT
8,김상현,KT,0.28,134,539,475,71,133,20,0,27,234,88,0,6,2015,KT
6,이명기,SK,0.315,137,582,521,88,164,30,2,3,207,35,11,4,2015,SSG
8,김성현,SK,0.297,129,449,397,49,118,20,0,8,162,48,12,2,2015,SSG
11,이재원,SK,0.282,140,559,489,58,138,18,1,17,209,100,0,5,2015,SSG
12,박정권,SK,0.281,124,494,438,66,123,23,0,21,209,70,4,2,2015,SSG
17,브라운,SK,0.261,137,539,464,82,121,21,2,28,230,76,0,2,2015,SSG
1,손아섭,롯데,0.317,116,517,445,86,141,28,1,13,210,54,0,3,2015,롯데
2,아두치,롯데,0.314,132,594,526,105,165,34,5,28,293,106,1,4,2015,롯데
3,강민호,롯데,0.311,123,456,380,63,118,18,1,35,243,86,0,2,2015,롯데
4,최준석,롯데,0.306,144,618,507,78,155,18,1,31,268,109,1,1,2015,롯데
6,정훈,롯데,0.300,135,562,486,85,146,27,2,9,204,62,7,3,2015,롯데
7,황재균,롯데,0.290,144,596,534,95,155,41,2,26,278,97,4,6,2015,롯데
2,이용규,한화,0.341,124,585,493,94,168,15,7,4,209,42,11,4,2015,한화
5,정근우,한화,0.316,126,552,468,99,148,30,2,12,218,66,13,2,2015,한화
6,김태균,한화,0.316,133,524,408,61,129,28,0,21,220,104,1,5,2015,한화
1,테임즈,NC,0.381,142,595,472,130,180,42,5,47,373,140,0,7,2015,NC
4,나성범,NC,0.326,144,622,564,112,184,34,5,28,312,135,3,8,2015,NC
5,박민우,NC,0.304,141,617,520,111,158,31,6,3,210,47,3,7,2015,NC
6,김종호,NC,0.295,133,486,424,90,125,16,7,4,167,36,10,3,2015,NC
7,이호준,NC,0.294,131,518,449,48,132,25,0,24,229,110,3,2,2015,NC
11,이종욱,NC,0.268,125,504,440,63,118,25,2,5,162,52,4,3,2015,NC
12,지석훈,NC,0.267,137,466,415,53,111,15,0,11,159,46,9,3,2015,NC
14,김태군,NC,0.254,144,474,421,45,107,24,0,6,149,52,11,7,2015,NC
16,손시헌,NC,0.245,140,508,440,56,108,24,2,13,175,58,13,5,2015,NC
1,유한준,넥센,0.362,139,598,520,103,188,42,1,23,301,116,1,8,2015,키움
2,박병호,넥센,0.343,140,622,528,129,181,35,1,53,377,146,0,4,2015,키움
7,김민성,넥센,0.303,118,489,445,60,135,24,0,16,207,71,2,3,2015,키움
10,김하성,넥센,0.290,140,582,511,89,148,35,5,19,250,73,4,6,2015,키움
11,스나이더,넥센,0.281,113,487,431,88,121,26,1,26,227,71,3,5,2015,키움
4,김주찬,KIA,0.346,130,555,511,97,177,37,3,23,289,101,1,6,2016,KIA
5,필,KIA,0.313,132,544,499,71,156,37,1,20,255,86,0,7,2016,KIA
6,이범호,KIA,0.310,138,560,484,93,150,23,0,33,272,108,0,7,2016,KIA
9,나지완,KIA,0.308,118,486,380,84,117,21,2,25,217,90,0,4,2016,KIA
12,서동욱,KIA,0.292,124,485,411,73,120,30,3,16,204,67,6,3,2016,KIA
15,김호령,KIA,0.267,124,514,453,72,121,18,3,8,169,41,13,2,2016,KIA
2,최형우,삼성,0.376,138,618,519,99,195,46,2,31,338,144,0,7,2016,삼성
3,구자욱,삼성,0.343,108,495,428,105,147,19,13,14,234,77,2,5,2016,삼성
6,이승엽,삼성,0.303,142,623,542,91,164,32,2,27,281,118,0,8,2016,삼성
8,박해민,삼성,0.300,141,641,564,109,169,26,12,4,231,61,22,3,2016,삼성
10,백상원,삼성,0.288,132,517,445,60,128,19,3,3,162,49,10,7,2016,삼성
3,박용택,LG,0.346,138,578,509,84,176,24,0,11,233,90,0,7,2016,LG
8,채은성,LG,0.313,128,451,403,64,126,20,3,9,179,81,2,8,2016,LG
9,히메네스,LG,0.308,135,579,523,101,161,36,0,26,275,102,1,6,2016,LG
13,오지환,LG,0.280,121,472,393,73,110,14,5,20,194,78,2,5,2016,LG
2,박건우,두산,0.335,132,540,484,95,162,36,4,20,266,83,4,5,2016,두산
3,김재환,두산,0.325,134,568,492,107,160,32,3,37,309,124,0,5,2016,두산
4,민병헌,두산,0.325,134,579,511,98,166,31,4,16,253,87,1,4,2016,두산
6,오재일,두산,0.316,105,455,380,69,120,20,2,27,225,92,2,7,2016,두산
8,김재호,두산,0.310,137,496,416,69,129,27,3,7,183,78,5,13,2016,두산
9,에반스,두산,0.308,118,481,400,69,123,31,0,24,226,81,0,7,2016,두산
11,허경민,두산,0.286,144,609,538,96,154,24,4,7,207,81,6,2,2016,두산
15,오재원,두산,0.272,122,484,416,68,113,18,1,5,148,58,3,6,2016,두산
1,유한준,KT,0.336,110,460,408,70,137,22,0,14,201,64,0,3,2016,KT
3,이대형,KT,0.320,143,654,600,89,192,14,3,1,215,42,7,1,2016,KT
4,박경수,KT,0.313,121,476,402,64,126,22,1,20,210,80,0,4,2016,KT
6,김성현,SK,0.319,138,530,479,66,153,28,0,8,205,65,5,7,2016,SSG
7,정의윤,SK,0.311,144,616,576,68,179,32,1,27,294,100,0,5,2016,SSG
11,이재원,SK,0.290,130,472,411,49,119,15,0,15,179,64,2,7,2016,SSG
12,최정,SK,0.288,141,606,500,106,144,24,1,40,290,106,0,6,2016,SSG
13,고메즈,SK,0.283,117,492,456,74,129,31,0,21,223,62,2,4,2016,SSG
15,박정권,SK,0.277,125,468,422,59,117,17,3,18,194,59,2,4,2016,SSG
1,황재균,롯데,0.335,127,559,498,97,167,26,5,27,284,113,0,8,2016,롯데
2,김문호,롯데,0.325,140,599,526,77,171,28,3,7,226,70,3,2,2016,롯데
3,손아섭,롯데,0.323,144,672,575,118,186,33,1,16,269,81,0,2,2016,롯데
4,강민호,롯데,0.323,116,460,381,65,123,26,0,20,209,72,0,3,2016,롯데
2,김태균,한화,0.365,144,652,529,94,193,39,0,23,301,136,0,6,2016,한화
3,이용규,한화,0.352,113,530,452,98,159,20,4,3,196,41,7,1,2016,한화
6,송광민,한화,0.325,116,494,449,80,146,27,2,17,228,83,7,6,2016,한화
7,로사리오,한화,0.321,127,532,492,78,158,31,2,33,292,120,1,2,2016,한화
8,정근우,한화,0.310,138,650,575,121,178,31,2,18,267,88,1,5,2016,한화
14,양성우,한화,0.271,108,446,384,52,104,12,4,4,136,53,8,6,2016,한화
3,박민우,NC,0.343,121,515,435,84,149,16,6,3,186,55,10,7,2016,NC
6,테임즈,NC,0.321,123,529,436,118,140,30,3,40,296,121,0,7,2016,NC
7,나성범,NC,0.309,144,653,572,116,177,37,2,22,284,113,1,4,2016,NC
8,박석민,NC,0.307,126,506,427,77,131,20,0,32,247,104,2,4,2016,NC
10,이종욱,NC,0.305,134,517,453,73,138,24,4,5,185,57,4,5,2016,NC
11,이호준,NC,0.298,119,472,399,46,119,20,0,21,202,87,2,4,2016,NC
3,고종욱,넥센,0.334,133,566,527,92,176,22,9,8,240,72,1,5,2016,키움
4,서건창,넥센,0.325,140,646,560,111,182,30,7,7,247,63,3,4,2016,키움
6,이택근,넥센,0.309,127,460,398,64,123,19,1,8,168,65,0,6,2016,키움
7,김민성,넥센,0.306,141,579,510,76,156,39,5,17,256,90,1,12,2016,키움
8,대니돈,넥센,0.295,129,497,417,65,123,33,1,16,206,70,1,4,2016,키움
11,김하성,넥센,0.281,144,599,526,92,148,29,7,20,251,84,2,5,2016,키움
14,박동원,넥센,0.248,127,454,411,44,102,25,1,14,171,70,6,3,2016,키움
3,김선빈,KIA,0.370,137,529,476,84,176,34,1,5,227,64,5,4,2017,KIA
4,최형우,KIA,0.342,142,629,514,98,176,36,3,26,296,120,0,8,2017,KIA
6,이명기,KIA,0.332,115,512,464,79,154,24,4,9,213,63,14,3,2017,KIA
7,버나디나,KIA,0.320,139,621,557,118,178,26,8,27,301,111,3,9,2017,KIA
8,안치홍,KIA,0.316,132,545,487,95,154,29,2,21,250,93,6,5,2017,KIA
9,김주찬,KIA,0.309,122,478,440,78,136,39,2,12,215,70,2,1,2017,KIA
11,나지완,KIA,0.301,137,551,459,85,138,20,3,27,245,94,0,7,2017,KIA
13,이범호,KIA,0.272,115,447,382,57,104,14,0,25,193,89,0,6,2017,KIA
2,러프,삼성,0.315,134,591,515,90,162,38,0,31,293,124,0,4,2017,삼성
4,구자욱,삼성,0.310,144,647,564,108,175,39,10,21,297,107,0,10,2017,삼성
5,강한울,삼성,0.303,135,448,412,58,125,9,3,0,140,24,9,1,2017,삼성
9,박해민,삼성,0.284,144,638,570,96,162,25,8,7,224,54,8,9,2017,삼성
10,이승엽,삼성,0.280,135,533,472,65,132,30,5,24,244,87,0,8,2017,삼성
12,이원석,삼성,0.265,121,459,411,55,109,20,1,18,185,62,4,6,2017,삼성
3,박용택,LG,0.344,138,596,509,83,175,23,2,14,244,90,0,9,2017,LG
20,양석환,LG,0.263,132,496,445,62,117,27,3,14,192,83,2,5,2017,LG
2,박건우,두산,0.366,131,543,483,91,177,40,2,20,281,78,5,4,2017,두산
3,김재환,두산,0.340,144,636,544,110,185,34,2,35,328,115,0,4,2017,두산
5,오재일,두산,0.306,128,466,412,62,126,27,0,26,231,89,1,3,2017,두산
6,민병헌,두산,0.304,123,520,447,73,136,21,0,14,199,71,1,6,2017,두산
7,최주환,두산,0.301,129,452,399,65,120,16,6,7,169,57,1,5,2017,두산
8,에반스,두산,0.296,138,581,514,82,152,19,0,27,252,90,0,3,2017,두산
2,윤석민,KT,0.312,142,586,538,90,168,30,1,20,260,105,0,7,2017,KT
3,유한준,KT,0.306,133,497,445,52,136,19,0,13,194,68,2,3,2017,KT
14,박경수,KT,0.262,131,511,442,62,116,27,1,15,190,66,3,3,2017,KT
4,최정,SK,0.316,130,527,430,89,136,18,1,46,294,113,0,8,2017,SSG
6,나주환,SK,0.291,122,452,419,69,122,24,1,19,205,65,8,1,2017,SSG
1,손아섭,롯데,0.335,144,667,576,113,193,35,4,20,296,80,1,3,2017,롯데
2,전준우,롯데,0.321,110,496,455,76,146,27,1,18,229,69,2,2,2017,롯데
3,이대호,롯데,0.320,142,608,540,73,173,13,0,34,288,111,0,3,2017,롯데
4,번즈,롯데,0.303,116,468,423,71,128,38,0,15,211,57,2,3,2017,롯데
5,김문호,롯데,0.292,131,448,390,49,114,17,1,2,139,35,7,1,2017,롯데
6,최준석,롯데,0.291,125,464,409,43,119,15,0,14,176,82,0,5,2017,롯데
8,강민호,롯데,0.285,130,515,456,62,130,22,1,22,220,68,0,3,2017,롯데
2,로사리오,한화,0.339,119,510,445,100,151,30,1,37,294,111,0,5,2017,한화
4,송광민,한화,0.327,117,473,437,71,143,26,0,13,208,75,4,8,2017,한화
8,하주석,한화,0.285,111,470,432,69,123,18,8,11,190,52,9,1,2017,한화
2,박민우,NC,0.363,106,452,388,84,141,25,4,3,183,47,3,4,2017,NC
4,나성범,NC,0.347,125,561,498,103,173,42,2,24,291,99,0,3,2017,NC
6,모창민,NC,0.312,136,527,474,64,148,25,3,17,230,90,3,9,2017,NC
8,스크럭스,NC,0.300,115,518,437,91,131,24,0,35,260,111,0,4,2017,NC
11,권희동,NC,0.286,141,554,472,72,135,20,2,19,216,86,7,7,2017,NC
1,서건창,넥센,0.332,139,615,539,87,179,28,3,6,231,76,2,6,2017,키움
2,이정후,넥센,0.324,144,622,552,111,179,29,8,2,230,47,2,2,2017,키움
5,고종욱,넥센,0.312,123,453,426,70,133,24,8,8,197,54,0,2,2017,키움
8,김하성,넥센,0.302,141,601,526,90,159,36,3,23,270,114,2,7,2017,키움
10,김민성,넥센,0.282,133,530,472,59,133,26,1,15,206,78,0,8,2017,키움
2,안치홍,KIA,0.342,130,549,494,88,169,38,1,23,278,118,0,9,2018,KIA
3,김주찬,KIA,0.340,121,471,429,71,146,23,0,18,223,93,2,10,2018,KIA
4,최형우,KIA,0.339,143,609,528,92,179,34,1,25,290,103,0,8,2018,KIA
5,버나디나,KIA,0.310,131,590,513,106,159,25,3,20,250,70,3,1,2018,KIA
7,이명기,KIA,0.302,120,502,447,88,135,28,6,4,187,42,11,1,2018,KIA
9,김선빈,KIA,0.295,127,492,424,73,125,17,2,4,158,49,6,5,2018,KIA
4,구자욱,삼성,0.333,116,529,478,100,159,26,5,20,255,84,1,2,2018,삼성
5,러프,삼성,0.330,137,597,506,97,167,32,4,33,306,125,0,8,2018,삼성
6,이원석,삼성,0.301,128,543,479,74,144,30,1,20,236,93,0,5,2018,삼성
7,김헌곤,삼성,0.300,141,586,513,77,154,26,2,11,217,71,5,4,2018,삼성
8,박해민,삼성,0.299,144,649,576,114,172,30,10,9,249,68,8,6,2018,삼성
12,강민호,삼성,0.269,129,477,427,46,115,14,0,22,195,71,0,7,2018,삼성
13,김상수,삼성,0.263,122,499,453,63,119,13,1,10,164,50,8,3,2018,삼성
2,김현수,LG,0.362,117,511,453,95,164,39,2,20,267,101,0,10,2018,LG
6,채은성,LG,0.331,139,578,529,78,175,36,2,25,290,119,0,5,2018,LG
7,이형종,LG,0.316,118,485,437,83,138,27,0,13,204,42,5,0,2018,LG
8,박용택,LG,0.303,134,583,524,89,159,38,1,15,244,76,0,7,2018,LG
9,유강남,LG,0.296,132,465,425,53,126,33,0,19,216,66,2,1,2018,LG
11,오지환,LG,0.278,144,617,533,93,148,26,2,11,211,71,12,6,2018,LG
12,양석환,LG,0.263,140,519,483,53,127,27,0,22,220,82,1,5,2018,LG
4,양의지,두산,0.358,133,503,439,84,157,29,1,23,257,77,0,6,2018,두산
5,김재환,두산,0.334,139,602,527,104,176,36,1,44,346,133,0,7,2018,두산
6,최주환,두산,0.333,138,590,519,87,173,39,6,26,302,108,0,10,2018,두산
8,박건우,두산,0.326,125,529,488,79,159,24,6,12,231,84,1,2,2018,두산
9,허경민,두산,0.324,133,577,516,85,167,30,5,10,237,79,5,8,2018,두산
10,오재원,두산,0.313,132,521,473,78,148,24,1,15,219,81,3,2,2018,두산
11,김재호,두산,0.311,131,467,402,78,125,20,0,16,193,75,3,6,2018,두산
15,오재일,두산,0.279,123,477,401,69,112,19,2,27,216,80,0,10,2018,두산
1,유한준,KT,0.339,121,480,428,59,145,21,1,20,228,83,2,1,2018,KT
3,로하스,KT,0.305,144,645,564,114,172,30,1,43,333,114,1,2,2018,KT
4,황재균,KT,0.296,142,588,530,76,157,41,3,25,279,88,2,3,2018,KT
5,강백호,KT,0.290,138,585,527,108,153,32,2,29,276,84,0,3,2018,KT
6,윤석민,KT,0.276,132,509,460,58,127,22,0,19,206,60,2,3,2018,KT
8,박경수,KT,0.262,135,528,458,65,120,21,0,25,216,74,0,3,2018,KT
2,이재원,SK,0.329,130,471,407,63,134,24,0,17,209,57,4,5,2018,SSG
3,로맥,SK,0.316,141,616,528,102,167,19,0,43,315,107,0,6,2018,SSG
4,노수광,SK,0.313,135,588,515,93,161,21,8,8,222,53,9,3,2018,SSG
8,한유섬,SK,0.284,136,562,486,97,138,31,0,41,292,115,0,8,2018,SSG
9,김성현,SK,0.277,135,462,415,51,115,19,1,4,148,55,6,3,2018,SSG
15,김동엽,SK,0.252,124,446,421,58,106,15,0,27,202,76,1,3,2018,SSG
18,최정,SK,0.244,115,489,406,95,99,16,1,35,222,74,0,2,2018,SSG
3,전준우,롯데,0.342,144,614,556,118,190,36,2,33,329,90,1,2,2018,롯데
4,이대호,롯데,0.333,144,604,543,81,181,30,0,37,322,125,0,4,2018,롯데
5,손아섭,롯데,0.329,141,625,553,109,182,32,5,26,302,93,1,1,2018,롯데
6,민병헌,롯데,0.318,118,494,443,74,141,21,0,17,213,66,2,6,2018,롯데
8,신본기,롯데,0.294,139,479,425,55,125,28,1,11,188,71,5,5,2018,롯데
12,번즈,롯데,0.268,133,505,462,80,124,34,5,23,237,64,1,0,2018,롯데
2,호잉,한화,0.306,142,590,529,85,162,47,2,30,303,110,0,5,2018,한화
4,송광민,한화,0.297,113,460,434,63,129,24,0,18,207,79,0,4,2018,한화
5,이성열,한화,0.295,131,528,485,76,143,21,1,34,268,102,1,2,2018,한화
6,이용규,한화,0.293,134,575,491,82,144,14,1,1,163,36,8,5,2018,한화
11,하주석,한화,0.254,141,517,484,67,123,20,3,9,176,52,1,0,2018,한화
2,박민우,NC,0.324,115,460,411,68,133,22,5,5,180,33,3,4,2018,NC
3,나성범,NC,0.318,144,620,556,110,177,36,3,23,288,91,0,5,2018,NC
5,노진혁,NC,0.283,125,458,420,52,119,21,4,11,181,42,1,2,2018,NC
10,스크럭스,NC,0.257,142,571,501,75,129,35,0,26,242,97,0,3,2018,NC
2,이정후,넥센,0.355,109,520,459,81,163,34,2,6,219,57,3,8,2018,키움
3,박병호,넥센,0.345,113,488,400,88,138,20,0,43,287,112,0,3,2018,키움
9,임병욱,넥센,0.293,134,447,423,76,124,29,3,13,198,60,0,2,2018,키움
10,김하성,넥센,0.288,129,576,511,95,147,27,4,20,242,84,1,5,2018,키움
11,김민성,넥센,0.283,128,465,413,46,117,24,0,10,171,45,1,5,2018,키움
13,김혜성,넥센,0.270,136,473,430,79,116,15,6,5,158,45,3,2,2018,키움
4,최형우,KIA,0.3,136,555,456,65,137,31,1,17,221,86,0,7,2019,KIA
7,김선빈,KIA,0.292,121,447,394,55,115,22,0,3,146,40,5,4,2019,KIA
11,이창진,KIA,0.27,133,470,400,57,108,25,1,6,153,48,4,5,2019,KIA
12,박찬호,KIA,0.26,133,541,504,60,131,15,4,2,160,49,5,2,2019,KIA
1,김헌곤,삼성,0.297,114,467,411,57,122,20,1,5,159,46,5,6,2019,삼성
2,러프,삼성,0.292,133,568,472,80,138,35,2,22,243,101,0,9,2019,삼성
5,김상수,삼성,0.271,129,543,468,76,127,20,2,5,166,38,6,4,2019,삼성
6,구자욱,삼성,0.267,122,526,475,66,127,27,6,15,211,71,0,6,2019,삼성
12,이원석,삼성,0.246,111,455,395,44,97,20,0,19,174,76,2,7,2019,삼성
14,박해민,삼성,0.239,144,581,506,64,121,16,7,5,166,44,12,3,2019,삼성
1,채은성,LG,0.315,128,514,470,59,148,18,1,12,204,72,0,8,2019,LG
2,이천웅,LG,0.308,138,613,546,88,168,24,3,2,204,48,4,1,2019,LG
3,김현수,LG,0.304,140,595,526,75,160,37,0,11,230,82,0,9,2019,LG
5,이형종,LG,0.286,120,482,419,56,120,24,1,13,185,63,1,10,2019,LG
8,유강남,LG,0.270,132,468,418,44,113,22,0,16,183,49,1,6,2019,LG
10,오지환,LG,0.252,134,547,473,63,119,23,5,9,179,53,7,3,2019,LG
1,페르난데스,두산,0.344,144,645,572,87,197,34,0,15,276,88,0,6,2019,두산
2,박건우,두산,0.319,127,537,458,83,146,27,5,10,213,64,1,11,2019,두산
4,오재일,두산,0.293,130,529,467,76,137,29,1,21,231,102,0,4,2019,두산
5,허경민,두산,0.288,133,540,475,71,137,25,1,4,176,60,3,11,2019,두산
6,김재환,두산,0.283,136,574,495,76,140,20,5,15,215,91,0,11,2019,두산
7,박세혁,두산,0.279,137,505,441,58,123,19,9,4,172,63,10,6,2019,두산
9,김재호,두산,0.268,130,470,377,51,101,22,0,4,135,48,8,11,2019,두산
10,정수빈,두산,0.265,123,513,441,75,117,19,5,0,146,41,4,5,2019,두산
1,강백호,KT,0.336,116,505,438,72,147,29,1,13,217,65,0,4,2019,KT
2,로하스,KT,0.322,142,578,521,68,168,30,3,24,276,104,0,5,2019,KT
3,유한준,KT,0.317,139,562,501,61,159,19,1,14,222,86,0,5,2019,KT
6,황재균,KT,0.283,124,507,448,78,127,16,3,20,209,67,0,5,2019,KT
7,김민혁,KT,0.281,127,521,466,68,131,10,1,0,143,32,5,5,2019,KT
13,박경수,KT,0.247,137,490,421,43,104,24,0,10,158,65,4,6,2019,KT
2,고종욱,SK,0.323,137,513,492,76,159,25,7,3,207,56,0,2,2019,SSG
3,최정,SK,0.292,141,606,503,86,147,27,0,29,261,99,0,8,2019,SSG
6,로맥,SK,0.276,137,589,504,86,139,28,1,29,256,95,0,6,2019,SSG
7,김강민,SK,0.270,127,460,422,54,114,14,2,8,156,50,0,3,2019,SSG
8,이재원,SK,0.268,139,502,451,33,121,19,0,12,176,75,1,7,2019,SSG
9,한유섬,SK,0.265,125,502,427,52,113,20,0,12,169,52,0,0,2019,SSG
12,김성현,SK,0.246,144,472,426,45,105,16,2,1,128,34,8,3,2019,SSG
2,전준우,롯데,0.301,141,606,545,85,164,30,1,22,262,83,1,7,2019,롯데
3,손아섭,롯데,0.295,134,568,512,78,151,22,1,10,205,63,1,2,2019,롯데
4,이대호,롯데,0.285,135,549,485,48,138,23,1,16,211,88,0,7,2019,롯데
1,김태균,한화,0.305,127,500,433,47,132,21,0,6,171,62,0,8,2019,한화
3,최재훈,한화,0.290,135,451,373,47,108,18,0,3,135,31,4,4,2019,한화
4,호잉,한화,0.284,124,525,476,74,135,26,2,18,219,73,1,5,2019,한화
6,송광민,한화,0.264,122,486,454,50,120,21,0,7,162,51,3,5,2019,한화
8,정은원,한화,0.262,142,624,564,83,148,27,6,8,211,57,6,6,2019,한화
9,이성열,한화,0.256,129,476,414,60,106,21,1,21,192,85,1,4,2019,한화
20,오선진,한화,0.224,122,453,392,37,88,16,0,3,113,36,10,3,2019,한화
3,양의지,NC,0.354,118,459,390,61,138,26,0,20,224,68,0,6,2019,NC
4,박민우,NC,0.344,125,526,468,89,161,23,8,1,203,45,2,6,2019,NC
6,이명기,NC,0.293,139,547,484,62,142,17,3,2,171,36,7,4,2019,NC
1,이정후,키움,0.336,140,630,574,91,193,31,10,6,262,68,3,4,2019,키움
2,김하성,키움,0.307,139,625,540,112,166,38,2,19,265,104,1,7,2019,키움
3,샌즈,키움,0.305,139,613,525,100,160,39,1,28,285,113,0,5,2019,키움
4,서건창,키움,0.300,113,486,426,67,128,23,3,2,163,41,3,5,2019,키움
7,박병호,키움,0.280,122,532,432,92,121,22,0,33,242,98,0,9,2019,키움
2,최형우,KIA,0.354,140,600,522,93,185,37,1,28,308,115,0,3,2020,KIA
7,터커,KIA,0.306,142,631,542,100,166,40,0,32,302,113,0,4,2020,KIA
8,나지완,KIA,0.291,137,556,468,73,136,19,1,17,208,92,0,6,2020,KIA
13,유민상,KIA,0.246,126,456,391,38,96,23,0,8,143,65,2,4,2020,KIA
21,박찬호,KIA,0.223,141,531,480,63,107,16,0,3,132,36,12,3,2020,KIA
2,김동엽,삼성,0.312,115,451,413,60,129,21,0,20,210,74,1,4,2020,삼성
3,구자욱,삼성,0.307,118,510,446,70,137,27,2,15,213,78,1,4,2020,삼성
5,김상수,삼성,0.304,120,471,404,71,123,18,3,5,162,47,2,2,2020,삼성
7,박해민,삼성,0.290,132,541,489,84,142,18,5,11,203,55,7,3,2020,삼성
13,이원석,삼성,0.268,121,467,403,46,108,17,0,13,164,74,1,12,2020,삼성
2,김현수,LG,0.331,142,619,547,98,181,35,2,22,286,119,0,7,2020,LG
4,오지환,LG,0.300,141,591,527,95,158,41,7,10,243,71,5,5,2020,LG
7,채은성,LG,0.293,109,464,416,59,122,17,2,15,188,88,0,7,2020,LG
8,홍창기,LG,0.279,135,507,408,87,114,29,6,5,170,39,3,3,2020,LG
9,라모스,LG,0.278,117,494,431,74,120,17,2,38,255,86,0,4,2020,LG
13,유강남,LG,0.261,137,478,429,51,112,18,0,16,178,74,2,2,2020,LG
1,페르난데스,두산,0.340,144,668,586,104,199,29,0,21,291,105,0,11,2020,두산
2,허경민,두산,0.332,117,487,437,70,145,25,1,7,193,58,3,7,2020,두산
3,오재일,두산,0.312,127,534,471,62,147,32,0,16,227,89,0,2,2020,두산
4,최주환,두산,0.306,140,574,509,63,156,29,4,16,241,88,1,10,2020,두산
5,박건우,두산,0.304,129,551,487,103,148,40,0,14,230,70,3,7,2020,두산
6,정수빈,두산,0.298,141,559,490,84,146,17,8,5,194,59,7,5,2020,두산
8,김재호,두산,0.289,120,458,402,48,116,15,1,2,139,39,2,5,2020,두산
11,김재환,두산,0.266,140,614,516,82,137,26,1,30,255,113,0,6,2020,두산
1,로하스,KT,0.349,142,628,550,116,192,39,1,47,374,135,0,8,2020,KT
2,강백호,KT,0.330,129,574,500,95,165,36,1,23,272,89,0,3,2020,KT
3,황재균,KT,0.312,134,600,541,108,169,35,5,21,277,97,3,4,2020,KT
4,조용호,KT,0.296,132,482,409,73,121,15,0,0,136,32,5,2,2020,KT
5,배정대,KT,0.289,144,615,533,88,154,25,3,13,224,65,5,4,2020,KT
8,장성우,KT,0.278,130,455,400,39,111,15,0,13,165,79,10,6,2020,KT
13,심우준,KT,0.235,144,535,476,58,112,16,3,3,143,51,16,4,2020,KT
4,로맥,SK,0.282,139,586,485,85,137,32,0,32,265,91,0,4,2020,SSG
9,최정,SK,0.27,133,553,452,90,122,22,0,33,243,96,0,6,2020,SSG
11,최지훈,SK,0.258,127,520,466,66,120,19,5,1,152,27,8,3,2020,SSG
3,손아섭,롯데,0.352,141,611,540,98,190,43,0,11,266,85,1,7,2020,롯데
5,정훈,롯데,0.295,111,476,410,72,121,19,1,11,175,58,2,4,2020,롯데
6,이대호,롯데,0.292,144,611,542,67,158,27,0,20,245,110,0,11,2020,롯데
7,안치홍,롯데,0.286,124,460,412,49,118,28,0,8,170,54,4,2,2020,롯데
8,마차도,롯데,0.280,144,560,486,79,136,31,1,12,205,67,4,8,2020,롯데
9,전준우,롯데,0.279,143,628,562,95,157,34,1,26,271,96,3,3,2020,롯데
10,한동희,롯데,0.278,135,531,461,62,128,22,0,17,201,67,5,3,2020,롯데
5,이용규,한화,0.286,120,487,419,60,120,14,2,1,141,32,2,1,2020,한화
3,박민우,NC,0.345,126,530,467,82,161,27,5,8,222,63,2,10,2020,NC
4,양의지,NC,0.328,130,528,461,86,151,26,1,33,278,124,1,6,2020,NC
5,나성범,NC,0.324,130,584,525,115,170,37,2,34,313,112,0,1,2020,NC
7,박석민,NC,0.306,123,448,356,58,109,15,0,14,166,63,2,4,2020,NC
8,이명기,NC,0.306,136,540,477,82,146,18,3,2,176,45,5,4,2020,NC
13,알테어,NC,0.278,136,546,482,90,134,20,7,31,261,108,0,6,2020,NC
15,노진혁,NC,0.274,132,484,427,70,117,22,3,20,205,82,3,0,2020,NC
3,이정후,키움,0.333,140,617,544,85,181,49,5,15,285,101,2,8,2020,키움
5,김하성,키움,0.306,138,622,533,111,163,24,1,30,279,109,3,3,2020,키움
6,김혜성,키움,0.285,142,553,499,80,142,24,6,7,199,61,2,4,2020,키움
7,서건창,키움,0.277,135,595,484,79,134,28,5,5,187,52,5,10,2020,키움
2,김선빈,KIA,0.307,130,564,501,55,154,32,0,5,201,67,1,5,2021,KIA
3,최원준,KIA,0.295,143,668,589,82,174,21,6,4,219,44,4,3,2021,KIA
8,박찬호,KIA,0.246,131,483,418,51,103,15,5,1,131,59,8,3,2021,KIA
10,터커,KIA,0.237,127,539,468,42,111,24,1,9,164,59,0,2,2021,KIA
13,최형우,KIA,0.233,104,446,373,52,87,15,1,12,140,55,0,2,2021,KIA
2,구자욱,삼성,0.306,139,610,543,107,166,30,10,22,282,88,1,12,2021,삼성
3,박해민,삼성,0.291,127,542,454,78,132,22,1,5,171,54,9,7,2021,삼성
4,강민호,삼성,0.291,123,462,406,55,118,22,0,18,194,67,0,7,2021,삼성
5,피렐라,삼성,0.286,140,621,553,102,158,25,2,29,274,97,0,3,2021,삼성
6,오재일,삼성,0.285,120,484,418,64,119,20,0,25,214,97,0,8,2021,삼성
14,김상수,삼성,0.235,132,496,429,46,101,17,1,3,129,42,8,4,2021,삼성
16,이원석,삼성,0.231,131,480,399,40,92,19,0,9,138,59,2,8,2021,삼성
1,홍창기,LG,0.328,144,651,524,103,172,26,2,4,214,52,0,2,2021,LG
4,김현수,LG,0.285,140,595,506,70,144,23,1,17,220,96,0,9,2021,LG
5,채은성,LG,0.276,110,448,387,59,107,20,0,16,175,82,0,7,2021,LG
6,오지환,LG,0.254,134,532,464,62,118,19,2,8,165,57,4,5,2021,LG
7,서건창,LG,0.253,144,600,513,78,130,24,2,6,176,52,5,4,2021,LG
2,박건우,두산,0.325,126,525,458,82,149,31,2,6,202,63,0,6,2021,두산
3,페르난데스,두산,0.315,141,617,540,73,170,24,0,15,239,81,0,6,2021,두산
6,허경민,두산,0.278,136,518,468,61,130,24,1,5,171,59,3,3,2021,두산
7,김재환,두산,0.274,137,566,475,86,130,23,2,27,238,102,0,5,2021,두산
8,양석환,두산,0.273,133,546,488,66,133,22,0,28,239,96,0,7,2021,두산
1,강백호,KT,0.347,142,627,516,76,179,40,1,16,269,102,0,8,2021,KT
5,황재균,KT,0.291,117,507,453,74,132,16,2,10,182,56,1,4,2021,KT
10,심우준,KT,0.268,139,460,407,61,109,20,2,6,151,48,10,6,2021,KT
11,배정대,KT,0.259,144,595,510,85,132,23,1,12,193,68,3,5,2021,KT
16,조용호,KT,0.236,138,515,428,71,101,14,1,0,117,48,5,5,2021,KT
18,장성우,KT,0.231,127,460,385,46,89,13,0,14,144,63,9,3,2021,KT
1,박성한,SSG,0.302,135,471,407,53,123,21,1,4,158,44,12,2,2021,SSG
5,한유섬,SSG,0.278,135,519,442,71,123,18,1,31,236,95,1,6,2021,SSG
6,최정,SSG,0.278,134,555,436,92,121,17,1,35,245,100,1,12,2021,SSG
11,추신수,SSG,0.265,137,580,461,84,122,19,2,21,208,69,0,4,2021,SSG
12,최지훈,SSG,0.262,136,534,461,75,121,19,6,5,167,45,8,6,2021,SSG
14,최주환,SSG,0.256,116,470,406,50,104,16,0,18,174,67,0,2,2021,SSG
1,전준우,롯데,0.348,144,619,552,88,192,46,0,7,259,92,1,8,2021,롯데
2,손아섭,롯데,0.319,139,610,542,88,173,29,2,3,215,58,3,1,2021,롯데
4,안치홍,롯데,0.306,119,490,421,58,129,30,2,10,193,82,5,9,2021,롯데
5,정훈,롯데,0.292,135,561,486,70,142,27,1,14,213,79,1,3,2021,롯데
7,이대호,롯데,0.286,114,465,420,39,120,11,0,19,188,81,0,6,2021,롯데
8,마차도,롯데,0.279,134,539,466,83,130,21,1,5,168,58,4,7,2021,롯데
10,한동희,롯데,0.267,129,496,424,54,113,24,0,17,188,69,1,4,2021,롯데
2,정은원,한화,0.283,139,608,495,85,140,22,5,6,190,39,4,3,2021,한화
3,최재훈,한화,0.275,116,467,375,52,103,21,0,7,145,44,5,3,2021,한화
4,하주석,한화,0.272,138,594,525,84,143,27,3,10,206,68,5,3,2021,한화
5,노시환,한화,0.271,107,458,380,56,103,18,1,18,177,84,0,4,2021,한화
1,양의지,NC,0.325,141,570,480,81,156,29,2,30,279,111,0,10,2021,NC
6,나성범,NC,0.281,144,623,570,96,160,29,1,33,290,101,0,4,2021,NC
7,알테어,NC,0.272,143,565,492,83,134,19,2,32,253,84,0,5,2021,NC
13,강진성,NC,0.249,124,462,406,49,101,20,0,7,142,38,4,2,2021,NC
1,이정후,키움,0.360,123,544,464,78,167,42,6,7,242,84,0,9,2021,키움
2,김혜성,키움,0.304,144,635,559,99,170,20,3,3,205,66,0,10,2021,키움
3,이용규,키움,0.296,133,547,459,88,136,16,8,1,171,43,6,6,2021,키움
8,박동원,키움,0.249,131,481,413,61,103,21,0,22,190,83,5,3,2021,키움
13,박병호,키움,0.227,118,477,409,48,93,23,0,20,176,76,0,7,2021,키움
4,나성범,KIA,0.320,144,649,563,92,180,39,2,21,286,97,0,5,2022,KIA
5,소크라테스,KIA,0.311,127,554,514,83,160,29,7,17,254,77,0,4,2022,KIA
8,김선빈,KIA,0.287,140,587,505,51,145,23,0,3,177,61,7,3,2022,KIA
10,류지혁,KIA,0.274,127,477,405,55,111,19,2,2,140,48,8,2,2022,KIA
12,박찬호,KIA,0.272,130,566,493,81,134,22,0,4,168,45,8,7,2022,KIA
13,최형우,KIA,0.264,132,530,454,55,120,27,1,14,191,71,0,2,2022,KIA
14,황대인,KIA,0.256,129,524,476,40,122,27,0,14,191,91,0,5,2022,KIA
15,박동원,KIA,0.242,123,447,385,52,93,21,0,18,168,57,7,1,2022,KIA
2,피렐라,삼성,0.342,141,630,561,102,192,33,4,28,317,109,0,2,2022,삼성
11,오재일,삼성,0.268,135,536,470,57,126,42,0,21,231,94,0,7,2022,삼성
1,문보경,LG,0.315,126,466,406,52,128,22,3,9,183,56,5,7,2022,LG
3,채은성,LG,0.296,126,526,467,48,138,26,2,12,204,83,0,11,2022,LG
4,박해민,LG,0.289,144,636,570,97,165,20,8,3,210,49,7,6,2022,LG
5,김현수,LG,0.286,141,604,524,78,150,25,2,23,248,106,0,3,2022,LG
6,홍창기,LG,0.286,118,525,437,76,125,19,4,1,155,51,5,5,2022,LG
7,오지환,LG,0.269,142,569,494,75,133,16,4,25,232,87,3,3,2022,LG
10,유강남,LG,0.255,139,469,416,54,106,16,0,8,146,47,6,2,2022,LG
4,페르난데스,두산,0.309,139,550,508,52,157,28,0,6,203,77,0,5,2022,두산
6,허경민,두산,0.289,121,493,432,59,125,23,0,8,172,60,2,7,2022,두산
9,강승호,두산,0.264,134,487,444,54,117,28,1,10,177,62,6,5,2022,두산
10,정수빈,두산,0.259,127,455,405,58,105,12,4,3,134,41,6,4,2022,두산
13,김재환,두산,0.248,128,517,448,64,111,24,1,23,206,72,0,4,2022,두산
15,양석환,두산,0.244,107,446,405,58,99,14,1,20,175,51,0,2,2022,두산
3,조용호,KT,0.308,131,531,474,52,146,18,4,3,181,44,2,3,2022,KT
6,박병호,KT,0.275,124,487,429,72,118,17,0,35,240,98,0,6,2022,KT
8,배정대,KT,0.266,144,575,508,64,135,24,2,6,181,56,5,4,2022,KT
9,황재균,KT,0.262,141,581,519,59,136,25,3,10,197,64,2,2,2022,KT
14,심우준,KT,0.240,132,449,388,69,93,8,2,4,117,34,11,4,2022,KT
2,최지훈,SSG,0.304,144,640,569,93,173,32,4,10,243,61,13,4,2022,SSG
5,박성한,SSG,0.298,140,564,494,68,147,24,4,2,185,56,6,2,2022,SSG
7,최정,SSG,0.266,121,505,414,80,110,21,0,26,209,87,0,6,2022,SSG
8,한유섬,SSG,0.264,135,545,458,62,121,33,1,21,219,100,0,5,2022,SSG
9,추신수,SSG,0.259,112,499,409,77,106,20,1,16,176,58,2,4,2022,SSG
1,이대호,롯데,0.331,142,591,540,53,179,23,0,23,271,101,0,6,2022,롯데
4,한동희,롯데,0.307,129,499,456,43,140,27,0,14,209,65,0,4,2022,롯데
5,전준우,롯데,0.304,120,517,470,73,143,31,1,11,209,68,0,9,2022,롯데
7,안치홍,롯데,0.284,132,562,493,71,140,27,3,14,215,58,8,5,2022,롯데
2,터크먼,한화,0.289,144,648,575,88,166,37,4,12,247,43,0,2,2022,한화
3,노시환,한화,0.281,115,490,434,55,122,24,1,6,166,59,0,4,2022,한화
4,정은원,한화,0.274,140,601,508,67,139,20,2,8,187,49,4,3,2022,한화
7,하주석,한화,0.258,125,483,445,50,115,18,2,5,152,58,1,3,2022,한화
9,김태연,한화,0.240,119,464,404,46,97,18,0,7,136,53,3,4,2022,한화
1,박건우,NC,0.336,111,463,408,52,137,18,1,10,187,61,0,3,2022,NC
3,마티니,NC,0.296,139,576,510,67,151,34,1,16,235,85,0,7,2022,NC
4,양의지,NC,0.283,130,510,427,61,121,24,0,20,205,94,0,10,2022,NC
5,노진혁,NC,0.280,115,451,396,50,111,24,0,15,180,75,3,5,2022,NC
6,손아섭,NC,0.277,138,617,548,72,152,29,4,4,201,48,1,6,2022,NC
8,박민우,NC,0.267,104,451,390,61,104,22,1,4,140,38,6,3,2022,NC
1,이정후,키움,0.349,142,627,553,85,193,36,10,23,318,113,0,3,2022,키움
2,김혜성,키움,0.318,129,566,516,81,164,18,7,4,208,48,0,3,2022,키움
3,푸이그,키움,0.277,126,547,473,65,131,30,0,21,224,73,0,4,2022,키움
6,이지영,키움,0.267,137,450,420,38,112,13,4,2,139,37,8,0,2022,키움
9,송성문,키움,0.247,142,601,547,67,135,21,4,13,203,79,1,7,2022,키움
3,김선빈,KIA,0.320,119,473,419,41,134,16,0,0,150,48,8,3,2023,KIA
5,최형우,KIA,0.302,121,508,431,64,130,27,1,17,210,81,0,4,2023,KIA
7,박찬호,KIA,0.301,130,507,452,73,136,18,4,3,171,52,7,6,2023,KIA
9,소크라테스,KIA,0.285,142,608,547,91,156,31,3,20,253,96,0,8,2023,KIA
1,구자욱,삼성,0.336,119,515,453,65,152,37,1,11,224,71,2,3,2023,삼성
4,강민호,삼성,0.29,125,495,434,60,126,19,0,16,193,77,1,5,2023,삼성
5,피렐라,삼성,0.285,139,605,557,66,159,28,1,16,237,80,0,2,2023,삼성
6,김현준,삼성,0.275,109,479,433,62,119,10,6,3,150,46,8,3,2023,삼성
7,류지혁,삼성,0.268,132,522,455,63,122,11,1,2,141,45,10,5,2023,삼성
12,이재현,삼성,0.249,143,538,458,61,114,19,2,12,173,60,16,6,2023,삼성
2,홍창기,LG,0.332,141,643,524,109,174,35,2,1,216,65,3,6,2023,LG
4,오스틴,LG,0.313,139,583,520,87,163,29,4,23,269,95,0,7,2023,LG
5,문보경,LG,0.301,131,542,469,77,141,29,5,10,210,72,9,4,2023,LG
6,문성주,LG,0.294,136,534,449,77,132,21,4,2,167,57,6,4,2023,LG
7,김현수,LG,0.293,133,556,488,53,143,22,2,6,187,88,1,8,2023,LG
8,박해민,LG,0.285,144,558,485,80,138,14,2,6,174,59,24,1,2023,LG
11,오지환,LG,0.268,126,502,422,65,113,24,3,8,167,62,4,4,2023,LG
12,박동원,LG,0.249,130,481,409,54,102,17,1,20,181,75,8,8,2023,LG
1,양의지,두산,0.305,129,510,439,56,134,23,0,17,208,68,0,3,2023,두산
3,정수빈,두산,0.287,137,583,498,75,143,14,11,2,185,33,12,2,2023,두산
5,양석환,두산,0.281,140,582,524,73,147,28,0,21,238,89,0,11,2023,두산
6,허경민,두산,0.268,130,475,429,44,115,23,1,7,161,48,0,5,2023,두산
8,강승호,두산,0.265,127,459,419,51,111,18,6,7,162,59,4,3,2023,두산
10,로하스,두산,0.253,122,464,403,52,102,24,4,19,191,65,0,3,2023,두산
17,김재환,두산,0.220,132,484,405,40,89,15,0,10,134,46,0,2,2023,두산
1,김민혁,KT,0.297,113,448,397,68,118,20,3,3,153,41,7,5,2023,KT
2,황재균,KT,0.295,109,457,407,62,120,26,2,6,168,49,3,1,2023,KT
5,알포드,KT,0.289,133,547,491,83,142,31,3,15,224,70,0,3,2023,KT
6,장성우,KT,0.288,131,464,410,37,118,22,0,11,173,65,3,7,2023,KT
7,박병호,KT,0.283,132,493,431,53,122,15,0,18,191,87,0,8,2023,KT
10,김상수,KT,0.271,129,512,443,58,120,19,1,3,150,56,8,3,2023,KT
2,에레디아,SSG,0.323,122,523,473,76,153,29,0,12,218,76,1,1,2023,SSG
4,최정,SSG,0.297,128,552,471,94,140,31,0,29,258,87,1,6,2023,SSG
7,최지훈,SSG,0.268,117,503,462,65,124,19,8,2,165,30,8,1,2023,SSG
10,박성한,SSG,0.266,128,529,459,53,122,19,0,9,168,47,7,4,2023,SSG
12,추신수,SSG,0.254,112,462,382,65,97,17,1,12,152,41,0,2,2023,SSG
16,최주환,SSG,0.235,134,478,426,48,100,24,0,20,184,63,1,3,2023,SSG
3,전준우,롯데,0.312,138,559,493,80,154,21,3,17,232,77,0,7,2023,롯데
6,안치홍,롯데,0.292,121,494,425,57,124,20,1,8,170,63,5,5,2023,롯데
14,김민석,롯데,0.255,129,454,400,53,102,24,0,3,135,39,12,5,2023,롯데
3,노시환,한화,0.298,131,595,514,85,153,30,1,31,278,101,0,3,2023,한화
4,문현빈,한화,0.266,137,481,428,47,114,22,2,5,155,49,9,5,2023,한화
5,채은성,한화,0.263,137,596,521,71,137,17,0,23,223,84,0,3,2023,한화
15,정은원,한화,0.222,122,459,388,50,86,12,0,2,104,30,5,1,2023,한화
1,손아섭,NC,0.339,140,609,551,97,187,36,3,5,244,65,1,5,2023,NC
3,박건우,NC,0.319,130,533,458,70,146,34,2,12,220,85,1,9,2023,NC
4,박민우,NC,0.316,124,509,452,76,143,20,7,2,183,46,5,3,2023,NC
8,마틴,NC,0.283,118,503,435,55,123,20,2,17,198,90,0,10,2023,NC
16,김주원,NC,0.233,127,474,403,56,94,9,2,10,137,54,8,4,2023,NC
3,김혜성,키움,0.335,137,621,556,104,186,29,6,7,248,57,0,5,2023,키움
3,김도영,KIA,0.347,141,625,544,143,189,29,10,38,352,109,1,7,2024,KIA
4,김선빈,KIA,0.329,116,466,423,48,139,23,0,9,189,57,7,0,2024,KIA
6,소크라테스,KIA,0.310,140,602,552,92,171,30,3,26,285,97,0,5,2024,KIA
8,박찬호,KIA,0.307,134,577,515,86,158,24,1,5,199,61,7,6,2024,KIA
12,최원준,KIA,0.292,136,508,438,75,128,23,3,9,184,56,7,5,2024,KIA
14,이우성,KIA,0.288,112,449,399,56,115,16,1,9,160,54,0,3,2024,KIA
17,최형우,KIA,0.280,116,487,425,67,119,23,2,22,212,109,0,5,2024,KIA
1,구자욱,삼성,0.343,129,568,493,92,169,39,1,33,309,115,2,6,2024,삼성
3,김지찬,삼성,0.316,135,535,453,102,143,16,3,3,174,36,12,1,2024,삼성
4,강민호,삼성,0.303,136,452,403,48,122,19,1,19,200,77,0,6,2024,삼성
9,이재현,삼성,0.26,109,458,389,71,101,18,1,14,163,66,0,3,2024,삼성
11,김영웅,삼성,0.252,126,509,456,65,115,16,3,28,221,79,1,4,2024,삼성
3,홍창기,LG,0.336,139,637,524,96,176,18,3,5,215,73,1,4,2024,LG
5,오스틴,LG,0.319,140,604,527,99,168,32,3,32,302,132,0,13,2024,LG
7,문보경,LG,0.301,144,602,519,80,156,35,3,22,263,101,3,13,2024,LG
8,신민재,LG,0.297,128,474,387,78,115,11,6,0,138,40,15,3,2024,LG
9,김현수,LG,0.294,137,583,517,61,152,36,2,8,216,69,1,9,2024,LG
10,박동원,LG,0.272,130,498,434,58,118,22,0,20,200,80,2,7,2024,LG
13,박해민,LG,0.263,144,553,482,72,127,16,6,6,173,56,5,9,2024,LG
5,양의지,두산,0.314,119,485,430,57,135,18,1,17,206,94,0,6,2024,두산
6,허경민,두산,0.309,115,477,417,69,129,28,0,7,178,61,0,6,2024,두산
10,정수빈,두산,0.284,136,608,510,95,145,21,3,4,184,47,10,8,2024,두산
11,김재환,두산,0.283,136,552,474,78,134,28,0,29,249,92,0,9,2024,두산
12,강승호,두산,0.28,140,566,521,81,146,34,7,18,248,81,2,4,2024,두산
19,양석환,두산,0.246,142,593,533,83,131,25,1,34,260,107,1,3,2024,두산
4,로하스,KT,0.329,144,670,572,108,188,39,1,32,325,112,0,4,2024,KT
9,강백호,KT,0.289,144,614,550,92,159,27,0,26,264,96,0,2,2024,KT
12,배정대,KT,0.275,113,473,404,49,111,25,1,7,159,59,8,7,2024,KT
13,장성우,KT,0.268,131,489,418,53,112,19,0,19,188,81,2,8,2024,KT
15,황재균,KT,0.26,137,536,493,60,128,22,0,13,189,58,5,2,2024,KT
1,에레디아,SSG,0.360,136,591,541,82,195,31,1,21,291,118,0,9,2024,SSG
3,박성한,SSG,0.301,137,564,489,78,147,24,0,10,201,67,3,6,2024,SSG
4,최정,SSG,0.291,129,550,468,93,136,27,2,37,278,107,0,7,2024,SSG
8,최지훈,SSG,0.275,125,543,483,89,133,22,7,11,202,49,6,2,2024,SSG
15,한유섬,SSG,0.235,132,523,464,64,109,29,0,24,210,87,1,3,2024,SSG
3,레이예스,롯데,0.352,144,632,574,88,202,40,3,15,293,111,0,11,2024,롯데
7,나승엽,롯데,0.312,121,489,407,59,127,35,4,7,191,66,2,7,2024,롯데
8,고승민,롯데,0.308,120,532,481,79,148,27,6,14,229,87,1,8,2024,롯데
10,윤동희,롯데,0.293,141,613,532,97,156,35,4,14,241,85,2,5,2024,롯데
11,전준우,롯데,0.293,109,483,423,57,124,26,2,17,205,82,1,5,2024,롯데
14,박승욱,롯데,0.262,139,468,405,57,106,19,1,7,148,53,3,3,2024,롯데
2,안치홍,한화,0.300,128,533,473,64,142,21,0,13,202,66,1,4,2024,한화
4,김태연,한화,0.291,126,472,413,59,120,24,0,12,180,61,6,4,2024,한화
9,페라자,한화,0.275,122,522,455,75,125,24,0,24,221,70,0,2,2024,한화
10,노시환,한화,0.272,136,601,526,88,143,20,2,24,239,89,0,4,2024,한화
12,채은성,한화,0.271,124,498,436,61,118,24,0,20,202,83,0,5,2024,한화
3,박민우,NC,0.328,121,528,457,75,150,26,2,8,204,50,4,4,2024,NC
5,데이비슨,NC,0.306,131,567,504,90,154,25,1,46,319,119,0,7,2024,NC
6,권희동,NC,0.300,123,511,416,66,125,22,1,13,188,77,2,6,2024,NC
9,서호철,NC,0.285,141,567,512,68,146,19,3,10,201,61,6,3,2024,NC
13,김휘집,NC,0.258,140,562,488,78,126,24,1,16,200,73,4,8,2024,NC
14,김주원,NC,0.252,134,475,385,61,97,18,2,9,146,49,9,5,2024,NC
1,송성문,키움,0.340,142,602,527,88,179,29,4,19,273,104,0,8,2024,키움
3,김혜성,키움,0.326,127,567,509,90,166,26,4,11,233,75,0,7,2024,키움
5,이주형,키움,0.266,115,537,473,82,126,19,3,13,190,60,0,1,2024,키움
6,최주환,키움,0.257,130,544,482,49,124,23,1,13,188,84,0,9,2024,키움
